EUR_Year,EUR_Month,Month,K12LESS,HIGHSCHOOL,ASSOCIATE,BACHELOR,UR_Year,UR_Month,National_rate,Alabama,Alaska,Arizona,Arkansas,California,Colorado,Connecticut,Delaware,District_of_Columbia,Florida,Georgia,Hawaii,Idaho,Illinois,Indiana,Iowa,Kansas,Kentucky,Louisiana,Maine,Maryland,Massachusetts,Michigan,Minnesota,Mississippi,Missouri,Montana,Nebraska,Nevada,New_Hampshire,New_Jersey,New_Mexico,New_York,North_Carolina,North_Dakota,Ohio,Oklahoma,Oregon,Pennsylvania,Rhode_Island,South_Carolina,South_Dakota,Tennessee,Texas,Utah,Vermont,Virginia,Washington,West_Virginia,Wisconsin,Wyoming
2001,Apr,Apr-01,6.8,3.7,2.9,2.1,,,,,,,,,,,,,,,,,,,,,,,,,,,,,,,,,,,,,,,,,,,,,,,,,,,,,,
2001,May,May-01,6.6,3.9,3,2.1,,,,,,,,,,,,,,,,,,,,,,,,,,,,,,,,,,,,,,,,,,,,,,,,,,,,,,
2001,Jun,Jun-01,6.9,3.8,3,2.2,,,,,,,,,,,,,,,,,,,,,,,,,,,,,,,,,,,,,,,,,,,,,,,,,,,,,,
2001,Jul,Jul-01,6.8,4.1,3,2.2,,,,,,,,,,,,,,,,,,,,,,,,,,,,,,,,,,,,,,,,,,,,,,,,,,,,,,
2001,Aug,Aug-01,7.2,4.4,3.3,2.3,,,,,,,,,,,,,,,,,,,,,,,,,,,,,,,,,,,,,,,,,,,,,,,,,,,,,,
2001,Sep,Sep-01,7.7,4.4,3.4,2.5,,,,,,,,,,,,,,,,,,,,,,,,,,,,,,,,,,,,,,,,,,,,,,,,,,,,,,
2001,Oct,Oct-01,7.6,4.7,4.1,2.6,,,,,,,,,,,,,,,,,,,,,,,,,,,,,,,,,,,,,,,,,,,,,,,,,,,,,,
2001,Nov,Nov-01,8,5,4.2,2.9,,,,,,,,,,,,,,,,,,,,,,,,,,,,,,,,,,,,,,,,,,,,,,,,,,,,,,
2001,Dec,Dec-01,8.3,4.9,4.2,3,,,,,,,,,,,,,,,,,,,,,,,,,,,,,,,,,,,,,,,,,,,,,,,,,,,,,,
2002,Jan,Jan-02,8.2,5.3,4.3,2.9,,,,,,,,,,,,,,,,,,,,,,,,,,,,,,,,,,,,,,,,,,,,,,,,,,,,,,
2002,Feb,Feb-02,8.3,5.3,4.2,2.9,,,,,,,,,,,,,,,,,,,,,,,,,,,,,,,,,,,,,,,,,,,,,,,,,,,,,,
2002,Mar,Mar-02,8.1,5.4,4.3,2.8,,,,,,,,,,,,,,,,,,,,,,,,,,,,,,,,,,,,,,,,,,,,,,,,,,,,,,
2002,Apr,Apr-02,9.1,5.5,4.6,2.9,,,,,,,,,,,,,,,,,,,,,,,,,,,,,,,,,,,,,,,,,,,,,,,,,,,,,,
2002,May,May-02,8.3,5.5,4.8,2.9,,,,,,,,,,,,,,,,,,,,,,,,,,,,,,,,,,,,,,,,,,,,,,,,,,,,,,
2002,Jun,Jun-02,7.8,5.4,4.6,3,,,,,,,,,,,,,,,,,,,,,,,,,,,,,,,,,,,,,,,,,,,,,,,,,,,,,,
2002,Jul,Jul-02,8.6,5.1,4.4,3,,,,,,,,,,,,,,,,,,,,,,,,,,,,,,,,,,,,,,,,,,,,,,,,,,,,,,
2002,Aug,Aug-02,8.4,5.2,4.4,2.8,,,,,,,,,,,,,,,,,,,,,,,,,,,,,,,,,,,,,,,,,,,,,,,,,,,,,,
2002,Sep,Sep-02,7.8,5,4.6,2.9,,,,,,,,,,,,,,,,,,,,,,,,,,,,,,,,,,,,,,,,,,,,,,,,,,,,,,
2002,Oct,Oct-02,8.7,4.9,4.6,3,,,,,,,,,,,,,,,,,,,,,,,,,,,,,,,,,,,,,,,,,,,,,,,,,,,,,,
2002,Nov,Nov-02,9,5.2,4.7,2.9,,,,,,,,,,,,,,,,,,,,,,,,,,,,,,,,,,,,,,,,,,,,,,,,,,,,,,
2002,Dec,Dec-02,8.9,5.3,4.9,2.9,,,,,,,,,,,,,,,,,,,,,,,,,,,,,,,,,,,,,,,,,,,,,,,,,,,,,,
2003,Jan,Jan-03,8.8,5.2,4.7,3,,,,,,,,,,,,,,,,,,,,,,,,,,,,,,,,,,,,,,,,,,,,,,,,,,,,,,
2003,Feb,Feb-03,8.9,5.4,4.7,3,,,,,,,,,,,,,,,,,,,,,,,,,,,,,,,,,,,,,,,,,,,,,,,,,,,,,,
2003,Mar,Mar-03,8.6,5.5,4.8,3.1,,,,,,,,,,,,,,,,,,,,,,,,,,,,,,,,,,,,,,,,,,,,,,,,,,,,,,
2003,Apr,Apr-03,8.5,5.7,4.8,3,,,,,,,,,,,,,,,,,,,,,,,,,,,,,,,,,,,,,,,,,,,,,,,,,,,,,,
2003,May,May-03,9,5.6,4.9,3,,,,,,,,,,,,,,,,,,,,,,,,,,,,,,,,,,,,,,,,,,,,,,,,,,,,,,
2003,Jun,Jun-03,9.4,5.7,4.9,3.1,,,,,,,,,,,,,,,,,,,,,,,,,,,,,,,,,,,,,,,,,,,,,,,,,,,,,,
2003,Jul,Jul-03,8.8,5.4,5,3.1,,,,,,,,,,,,,,,,,,,,,,,,,,,,,,,,,,,,,,,,,,,,,,,,,,,,,,
2003,Aug,Aug-03,9.3,5.4,4.9,3.2,,,,,,,,,,,,,,,,,,,,,,,,,,,,,,,,,,,,,,,,,,,,,,,,,,,,,,
2003,Sep,Sep-03,8.6,5.3,4.9,3.2,,,,,,,,,,,,,,,,,,,,,,,,,,,,,,,,,,,,,,,,,,,,,,,,,,,,,,
2003,Oct,Oct-03,9,5.5,4.8,3.1,,,,,,,,,,,,,,,,,,,,,,,,,,,,,,,,,,,,,,,,,,,,,,,,,,,,,,
2003,Nov,Nov-03,8.7,5.3,4.7,3.1,,,,,,,,,,,,,,,,,,,,,,,,,,,,,,,,,,,,,,,,,,,,,,,,,,,,,,
2003,Dec,Dec-03,7.9,5.4,4.4,3,,,,,,,,,,,,,,,,,,,,,,,,,,,,,,,,,,,,,,,,,,,,,,,,,,,,,,
2004,Jan,Jan-04,9.1,4.9,4.5,2.9,,,,,,,,,,,,,,,,,,,,,,,,,,,,,,,,,,,,,,,,,,,,,,,,,,,,,,
2004,Feb,Feb-04,8.6,5,4.3,2.9,,,,,,,,,,,,,,,,,,,,,,,,,,,,,,,,,,,,,,,,,,,,,,,,,,,,,,
2004,Mar,Mar-04,8.8,5.3,4.7,2.9,,,,,,,,,,,,,,,,,,,,,,,,,,,,,,,,,,,,,,,,,,,,,,,,,,,,,,
2004,Apr,Apr-04,8.6,5.3,4.1,2.9,,,,,,,,,,,,,,,,,,,,,,,,,,,,,,,,,,,,,,,,,,,,,,,,,,,,,,
2004,May,May-04,8.8,5.1,4,2.9,,,,,,,,,,,,,,,,,,,,,,,,,,,,,,,,,,,,,,,,,,,,,,,,,,,,,,
2004,Jun,Jun-04,8.7,5.2,4.1,2.7,,,,,,,,,,,,,,,,,,,,,,,,,,,,,,,,,,,,,,,,,,,,,,,,,,,,,,
2004,Jul,Jul-04,8.2,5,4.2,2.6,,,,,,,,,,,,,,,,,,,,,,,,,,,,,,,,,,,,,,,,,,,,,,,,,,,,,,
2004,Aug,Aug-04,8.1,4.9,4.1,2.7,,,,,,,,,,,,,,,,,,,,,,,,,,,,,,,,,,,,,,,,,,,,,,,,,,,,,,
2004,Sep,Sep-04,8.7,4.7,4.1,2.6,,,,,,,,,,,,,,,,,,,,,,,,,,,,,,,,,,,,,,,,,,,,,,,,,,,,,,
2004,Oct,Oct-04,8.4,4.8,4.2,2.5,,,,,,,,,,,,,,,,,,,,,,,,,,,,,,,,,,,,,,,,,,,,,,,,,,,,,,
2004,Nov,Nov-04,8,4.8,4.3,2.5,,,,,,,,,,,,,,,,,,,,,,,,,,,,,,,,,,,,,,,,,,,,,,,,,,,,,,
2004,Dec,Dec-04,8.1,4.8,4.2,2.5,,,,,,,,,,,,,,,,,,,,,,,,,,,,,,,,,,,,,,,,,,,,,,,,,,,,,,
2005,Jan,Jan-05,7.7,4.7,4.1,2.4,,,,,,,,,,,,,,,,,,,,,,,,,,,,,,,,,,,,,,,,,,,,,,,,,,,,,,
2005,Feb,Feb-05,7.8,4.9,4.2,2.4,,,,,,,,,,,,,,,,,,,,,,,,,,,,,,,,,,,,,,,,,,,,,,,,,,,,,,
2005,Mar,Mar-05,7.8,4.7,3.9,2.4,,,,,,,,,,,,,,,,,,,,,,,,,,,,,,,,,,,,,,,,,,,,,,,,,,,,,,
2005,Apr,Apr-05,8.2,4.4,3.9,2.4,,,,,,,,,,,,,,,,,,,,,,,,,,,,,,,,,,,,,,,,,,,,,,,,,,,,,,
2005,May,May-05,7.8,4.5,3.9,2.4,,,,,,,,,,,,,,,,,,,,,,,,,,,,,,,,,,,,,,,,,,,,,,,,,,,,,,
2005,Jun,Jun-05,6.9,4.8,3.9,2.3,,,,,,,,,,,,,,,,,,,,,,,,,,,,,,,,,,,,,,,,,,,,,,,,,,,,,,
2005,Jul,Jul-05,7.5,4.8,3.7,2.3,,,,,,,,,,,,,,,,,,,,,,,,,,,,,,,,,,,,,,,,,,,,,,,,,,,,,,
2005,Aug,Aug-05,7.5,4.7,3.5,2.1,,,,,,,,,,,,,,,,,,,,,,,,,,,,,,,,,,,,,,,,,,,,,,,,,,,,,,
2005,Sep,Sep-05,8.2,4.9,3.7,2.3,,,,,,,,,,,,,,,,,,,,,,,,,,,,,,,,,,,,,,,,,,,,,,,,,,,,,,
2005,Oct,Oct-05,7.3,4.8,3.8,2.3,,,,,,,,,,,,,,,,,,,,,,,,,,,,,,,,,,,,,,,,,,,,,,,,,,,,,,
2005,Nov,Nov-05,7.4,4.8,3.9,2.3,,,,,,,,,,,,,,,,,,,,,,,,,,,,,,,,,,,,,,,,,,,,,,,,,,,,,,
2005,Dec,Dec-05,7.4,4.5,3.9,2.1,,,,,,,,,,,,,,,,,,,,,,,,,,,,,,,,,,,,,,,,,,,,,,,,,,,,,,
2006,Jan,Jan-06,7,4.4,3.6,2.1,,,,,,,,,,,,,,,,,,,,,,,,,,,,,,,,,,,,,,,,,,,,,,,,,,,,,,
2006,Feb,Feb-06,7.1,4.4,3.6,2.2,,,,,,,,,,,,,,,,,,,,,,,,,,,,,,,,,,,,,,,,,,,,,,,,,,,,,,
2006,Mar,Mar-06,6.9,4.1,3.7,2.2,,,,,,,,,,,,,,,,,,,,,,,,,,,,,,,,,,,,,,,,,,,,,,,,,,,,,,
2006,Apr,Apr-06,6.9,4.4,3.8,2.2,,,,,,,,,,,,,,,,,,,,,,,,,,,,,,,,,,,,,,,,,,,,,,,,,,,,,,
2006,May,May-06,7,4.3,3.8,2.1,,,,,,,,,,,,,,,,,,,,,,,,,,,,,,,,,,,,,,,,,,,,,,,,,,,,,,
2006,Jun,Jun-06,7.1,4.1,3.5,2.1,,,,,,,,,,,,,,,,,,,,,,,,,,,,,,,,,,,,,,,,,,,,,,,,,,,,,,
2006,Jul,Jul-06,7.1,4.5,3.6,2,,,,,,,,,,,,,,,,,,,,,,,,,,,,,,,,,,,,,,,,,,,,,,,,,,,,,,
2006,Aug,Aug-06,6.8,4.6,3.5,1.8,,,,,,,,,,,,,,,,,,,,,,,,,,,,,,,,,,,,,,,,,,,,,,,,,,,,,,
2006,Sep,Sep-06,6.4,4.1,3.6,2.1,,,,,,,,,,,,,,,,,,,,,,,,,,,,,,,,,,,,,,,,,,,,,,,,,,,,,,
2006,Oct,Oct-06,5.8,4.1,3.4,1.9,,,,,,,,,,,,,,,,,,,,,,,,,,,,,,,,,,,,,,,,,,,,,,,,,,,,,,
2006,Nov,Nov-06,6.6,4.3,3.4,1.8,,,,,,,,,,,,,,,,,,,,,,,,,,,,,,,,,,,,,,,,,,,,,,,,,,,,,,
2006,Dec,Dec-06,6.7,4.3,3.4,1.8,,,,,,,,,,,,,,,,,,,,,,,,,,,,,,,,,,,,,,,,,,,,,,,,,,,,,,
2007,Jan,Jan-07,6.9,4.3,3.8,2.1,,,,,,,,,,,,,,,,,,,,,,,,,,,,,,,,,,,,,,,,,,,,,,,,,,,,,,
2007,Feb,Feb-07,7.3,4.3,3.6,1.9,,,,,,,,,,,,,,,,,,,,,,,,,,,,,,,,,,,,,,,,,,,,,,,,,,,,,,
2007,Mar,Mar-07,6.9,4,3.6,1.8,,,,,,,,,,,,,,,,,,,,,,,,,,,,,,,,,,,,,,,,,,,,,,,,,,,,,,
2007,Apr,Apr-07,7.1,4.1,3.6,1.9,,,,,,,,,,,,,,,,,,,,,,,,,,,,,,,,,,,,,,,,,,,,,,,,,,,,,,
2007,May,May-07,6.6,4.4,3.4,2,,,,,,,,,,,,,,,,,,,,,,,,,,,,,,,,,,,,,,,,,,,,,,,,,,,,,,
2007,Jun,Jun-07,6.7,4.1,3.5,2,,,,,,,,,,,,,,,,,,,,,,,,,,,,,,,,,,,,,,,,,,,,,,,,,,,,,,
2007,Jul,Jul-07,7.3,4.6,3.6,2.1,,,,,,,,,,,,,,,,,,,,,,,,,,,,,,,,,,,,,,,,,,,,,,,,,,,,,,
2007,Aug,Aug-07,6.5,4.4,3.6,2.1,,,,,,,,,,,,,,,,,,,,,,,,,,,,,,,,,,,,,,,,,,,,,,,,,,,,,,
2007,Sep,Sep-07,7.6,4.5,3.4,2,,,,,,,,,,,,,,,,,,,,,,,,,,,,,,,,,,,,,,,,,,,,,,,,,,,,,,
2007,Oct,Oct-07,7.3,4.6,3.5,2.1,,,,,,,,,,,,,,,,,,,,,,,,,,,,,,,,,,,,,,,,,,,,,,,,,,,,,,
2007,Nov,Nov-07,7.7,4.5,3.3,2.2,,,,,,,,,,,,,,,,,,,,,,,,,,,,,,,,,,,,,,,,,,,,,,,,,,,,,,
2007,Dec,Dec-07,7.7,4.7,3.8,2.1,,,,,,,,,,,,,,,,,,,,,,,,,,,,,,,,,,,,,,,,,,,,,,,,,,,,,,
2008,Jan,Jan-08,7.7,4.7,3.7,2.1,,,,,,,,,,,,,,,,,,,,,,,,,,,,,,,,,,,,,,,,,,,,,,,,,,,,,,
2008,Feb,Feb-08,7.4,4.7,3.8,2,,,,,,,,,,,,,,,,,,,,,,,,,,,,,,,,,,,,,,,,,,,,,,,,,,,,,,
2008,Mar,Mar-08,8.4,5.1,3.9,2.1,,,,,,,,,,,,,,,,,,,,,,,,,,,,,,,,,,,,,,,,,,,,,,,,,,,,,,
2008,Apr,Apr-08,7.7,5,4,2.1,,,,,,,,,,,,,,,,,,,,,,,,,,,,,,,,,,,,,,,,,,,,,,,,,,,,,,
2008,May,May-08,8.1,5,4.3,2.2,,,,,,,,,,,,,,,,,,,,,,,,,,,,,,,,,,,,,,,,,,,,,,,,,,,,,,
2008,Jun,Jun-08,8.7,5.1,4.3,2.4,,,,,,,,,,,,,,,,,,,,,,,,,,,,,,,,,,,,,,,,,,,,,,,,,,,,,,
2008,Jul,Jul-08,8.6,5.4,4.6,2.5,,,,,,,,,,,,,,,,,,,,,,,,,,,,,,,,,,,,,,,,,,,,,,,,,,,,,,
2008,Aug,Aug-08,9.7,5.8,4.9,2.8,,,,,,,,,,,,,,,,,,,,,,,,,,,,,,,,,,,,,,,,,,,,,,,,,,,,,,
2008,Sep,Sep-08,9.8,6.2,5,2.6,,,,,,,,,,,,,,,,,,,,,,,,,,,,,,,,,,,,,,,,,,,,,,,,,,,,,,
2008,Oct,Oct-08,10.3,6.4,5.2,3.1,,,,,,,,,,,,,,,,,,,,,,,,,,,,,,,,,,,,,,,,,,,,,,,,,,,,,,
2008,Nov,Nov-08,10.8,7,5.5,3.2,,,,,,,,,,,,,,,,,,,,,,,,,,,,,,,,,,,,,,,,,,,,,,,,,,,,,,
2008,Dec,Dec-08,11.1,7.8,5.7,3.6,,,,,,,,,,,,,,,,,,,,,,,,,,,,,,,,,,,,,,,,,,,,,,,,,,,,,,
2009,Jan,Jan-09,12.4,8.2,6.5,3.9,,,,,,,,,,,,,,,,,,,,,,,,,,,,,,,,,,,,,,,,,,,,,,,,,,,,,,
2009,Feb,Feb-09,13.2,8.5,7.3,4.1,,,,,,,,,,,,,,,,,,,,,,,,,,,,,,,,,,,,,,,,,,,,,,,,,,,,,,
2009,Mar,Mar-09,14,9.2,7.5,4.3,,,,,,,,,,,,,,,,,,,,,,,,,,,,,,,,,,,,,,,,,,,,,,,,,,,,,,
2009,Apr,Apr-09,14.9,9.5,7.7,4.4,,,,,,,,,,,,,,,,,,,,,,,,,,,,,,,,,,,,,,,,,,,,,,,,,,,,,,
2009,May,May-09,15.2,10,7.8,4.8,,,,,,,,,,,,,,,,,,,,,,,,,,,,,,,,,,,,,,,,,,,,,,,,,,,,,,
2009,Jun,Jun-09,15.6,9.7,8.1,4.8,,,,,,,,,,,,,,,,,,,,,,,,,,,,,,,,,,,,,,,,,,,,,,,,,,,,,,
2009,Jul,Jul-09,15.3,9.5,8,4.8,,,,,,,,,,,,,,,,,,,,,,,,,,,,,,,,,,,,,,,,,,,,,,,,,,,,,,
2009,Aug,Aug-09,15.6,9.7,8.1,4.8,,,,,,,,,,,,,,,,,,,,,,,,,,,,,,,,,,,,,,,,,,,,,,,,,,,,,,
2009,Sep,Sep-09,14.9,10.6,8.3,5,,,,,,,,,,,,,,,,,,,,,,,,,,,,,,,,,,,,,,,,,,,,,,,,,,,,,,
2009,Oct,Oct-09,15.2,11,8.7,4.7,,,,,,,,,,,,,,,,,,,,,,,,,,,,,,,,,,,,,,,,,,,,,,,,,,,,,,
2009,Nov,Nov-09,14.7,10.3,8.8,4.8,,,,,,,,,,,,,,,,,,,,,,,,,,,,,,,,,,,,,,,,,,,,,,,,,,,,,,
2009,Dec,Dec-09,15,10.6,8.7,4.9,,,,,,,,,,,,,,,,,,,,,,,,,,,,,,,,,,,,,,,,,,,,,,,,,,,,,,
2010,Jan,Jan-10,15.3,10.2,8.6,4.9,,,,,,,,,,,,,,,,,,,,,,,,,,,,,,,,,,,,,,,,,,,,,,,,,,,,,,
2010,Feb,Feb-10,15.8,10.7,8.1,4.9,,,,,,,,,,,,,,,,,,,,,,,,,,,,,,,,,,,,,,,,,,,,,,,,,,,,,,
2010,Mar,Mar-10,14.9,11,8.4,4.9,,,,,,,,,,,,,,,,,,,,,,,,,,,,,,,,,,,,,,,,,,,,,,,,,,,,,,
2010,Apr,Apr-10,14.7,10.8,8.4,4.8,,,,,,,,,,,,,,,,,,,,,,,,,,,,,,,,,,,,,,,,,,,,,,,,,,,,,,
2010,May,May-10,14.6,10.9,8.2,4.6,,,,,,,,,,,,,,,,,,,,,,,,,,,,,,,,,,,,,,,,,,,,,,,,,,,,,,
2010,Jun,Jun-10,14.2,10.6,8.1,4.4,,,,,,,,,,,,,,,,,,,,,,,,,,,,,,,,,,,,,,,,,,,,,,,,,,,,,,
2010,Jul,Jul-10,13.5,10,8.3,4.5,,,,,,,,,,,,,,,,,,,,,,,,,,,,,,,,,,,,,,,,,,,,,,,,,,,,,,
2010,Aug,Aug-10,14.1,10,8.7,4.6,,,,,,,,,,,,,,,,,,,,,,,,,,,,,,,,,,,,,,,,,,,,,,,,,,,,,,
2010,Sep,Sep-10,15.6,9.7,8.9,4.5,,,,,,,,,,,,,,,,,,,,,,,,,,,,,,,,,,,,,,,,,,,,,,,,,,,,,,
2010,Oct,Oct-10,15,9.8,8.2,4.6,,,,,,,,,,,,,,,,,,,,,,,,,,,,,,,,,,,,,,,,,,,,,,,,,,,,,,
2010,Nov,Nov-10,15.4,10,8.6,5,,,,,,,,,,,,,,,,,,,,,,,,,,,,,,,,,,,,,,,,,,,,,,,,,,,,,,
2010,Dec,Dec-10,15,9.8,8.1,4.8,,,,,,,,,,,,,,,,,,,,,,,,,,,,,,,,,,,,,,,,,,,,,,,,,,,,,,
2011,Jan,Jan-11,14.3,9.5,8.1,4.3,2011,Jan,9.1,10.1,8,9.8,8,12.3,9.1,9.4,8.1,10,10.6,10.5,6.8,8.5,9.6,9.1,5.9,6.8,9.8,7.8,8.1,7.5,7.6,10.5,6.9,9.9,9.3,7,4.6,13.7,5.6,9.5,7.4,8.4,10.4,3.5,9.3,5.9,10.1,7.8,11.2,10.8,5,9.6,8.2,7.8,6,6.7,8.9,8.4,7.8,6.6
2011,Feb,Feb-11,14,9.7,7.9,4.3,2011,Feb,9,10,7.9,9.8,8,12.2,8.9,9.4,7.9,10,10.5,10.4,6.7,8.4,9.5,8.9,5.8,6.7,9.6,7.7,8,7.4,7.5,10.4,6.8,9.8,9.2,6.9,4.6,13.6,5.5,9.4,7.2,8.3,10.3,3.4,9.1,5.8,9.8,7.7,11.1,10.7,4.9,9.5,8.2,7.7,5.9,6.6,8.8,8.3,7.7,6.5
2011,Mar,Mar-11,14.1,9.7,7.5,4.4,2011,Mar,9,9.9,7.8,9.7,8,12.1,8.8,9.3,7.8,10.1,10.4,10.3,6.7,8.4,9.5,8.8,5.7,6.6,9.5,7.6,7.9,7.4,7.4,9.9,6.7,9.8,9,6.8,4.5,13.5,5.4,9.4,7.1,8.2,10.2,3.4,9,5.6,9.7,7.6,11,10.7,4.9,9.4,8.1,7.7,5.9,6.6,8.8,8.1,7.6,6.3
2011,Apr,Apr-11,14.7,9.9,7.5,4.5,2011,Apr,9.1,9.9,7.8,9.6,8,12,8.7,9.2,7.7,10.3,10.3,10.3,6.7,8.4,9.6,8.7,5.7,6.5,9.5,7.5,7.8,7.3,7.4,10,6.7,9.9,8.9,6.8,4.5,13.5,5.4,9.4,7.1,8.2,10.2,3.4,9,5.6,9.6,7.6,11,10.7,4.8,9.3,8.1,7.7,5.8,6.5,8.7,8,7.6,6.2
2011,May,May-11,14.5,9.6,7.8,4.5,2011,May,9,9.8,7.7,9.6,8,12,8.7,9.2,7.7,10.4,10.2,10.3,6.8,8.3,9.8,8.8,5.7,6.4,9.5,7.4,7.8,7.4,7.3,10.1,6.7,9.9,8.8,6.7,4.5,13.4,5.5,9.4,7.1,8.2,10.2,3.4,9,5.5,9.6,7.7,11,10.7,4.7,9.3,8.2,7.7,5.7,6.5,8.6,7.9,7.6,6.1
2011,Jun,Jun-11,14.4,10,8.3,4.3,2011,Jun,9.1,9.8,7.7,9.6,8,12,8.7,9.1,7.7,10.5,10.1,10.3,6.9,8.3,9.9,8.9,5.7,6.4,9.5,7.4,7.8,7.4,7.3,10.2,6.7,9.9,8.8,6.7,4.4,13.5,5.5,9.4,7.1,8.3,10.3,3.4,9,5.5,9.7,7.8,11,10.7,4.6,9.2,8.3,7.7,5.7,6.6,8.6,7.8,7.6,6
2011,Jul,Jul-11,14.5,9.1,8.3,4.2,2011,Jul,9,9.7,7.7,9.5,8,12,8.7,9,7.6,10.5,10,10.2,7,8.2,10,9.1,5.7,6.3,9.5,7.4,7.8,7.4,7.2,10.2,6.7,9.9,8.7,6.7,4.4,13.4,5.5,9.4,7.2,8.3,10.3,3.4,9,5.6,9.7,7.8,11,10.6,4.5,9.2,8.3,7.4,5.6,6.6,8.6,7.8,7.6,6
2011,Aug,Aug-11,14.1,9.3,8.3,4.2,2011,Aug,9,9.6,7.7,9.4,8,11.9,8.6,9,7.6,10.4,9.9,10.2,7,8.1,10.1,9.1,5.7,6.3,9.4,7.3,7.7,7.4,7.2,10.1,6.6,9.9,8.6,6.6,4.4,13.4,5.5,9.4,7.3,8.4,10.4,3.4,8.9,5.6,9.6,7.9,11,10.5,4.5,9.1,8.2,7,5.5,6.6,8.5,7.8,7.6,6
2011,Sep,Sep-11,14.3,9.4,8.5,4.2,2011,Sep,9,9.4,7.7,9.3,7.9,11.8,8.6,8.8,7.5,10.3,9.7,10.1,7,8,10,9.1,5.6,6.3,9.3,7.3,7.6,7.3,7.1,9.9,6.4,9.8,8.4,6.5,4.3,13.3,5.5,9.3,7.3,8.4,10.3,3.4,8.7,5.6,9.6,7.9,11,10.3,4.4,8.9,8,6.6,5.4,6.6,8.4,7.7,7.5,6
2011,Oct,Oct-11,13.5,9.4,8.1,4.3,2011,Oct,8.8,9.2,7.7,9.1,7.8,11.6,8.6,8.7,7.4,10.1,9.6,9.9,6.9,7.9,9.9,9,5.5,6.2,9.2,7.3,7.5,7.2,7,9.8,6.2,9.7,8.2,6.4,4.3,13.1,5.4,9.3,7.3,8.5,10.2,3.3,8.5,5.5,9.4,7.8,11,10.1,4.4,8.8,7.8,6.2,5.2,6.5,8.3,7.5,7.4,6
2011,Nov,Nov-11,12.8,8.8,7.7,4.4,2011,Nov,8.6,8.9,7.6,9,7.7,11.5,8.5,8.6,7.2,9.9,9.4,9.8,6.8,7.8,9.7,8.8,5.5,6.1,9,7.3,7.4,7.1,6.9,9.6,6,9.5,8,6.3,4.2,12.8,5.3,9.3,7.3,8.5,10.1,3.2,8.3,5.5,9.3,7.7,11,9.9,4.3,8.6,7.5,5.8,5.1,6.4,8.1,7.4,7.3,6
2011,Dec,Dec-11,13.7,8.7,7.6,4.1,2011,Dec,8.5,8.7,7.5,8.8,7.5,11.3,8.4,8.5,7.1,9.8,9.3,9.6,6.7,7.7,9.5,8.6,5.3,6,8.7,7.2,7.3,7,6.8,9.4,5.9,9.3,7.8,6.1,4.1,12.6,5.3,9.3,7.2,8.6,9.9,3.1,8,5.4,9.2,7.6,10.9,9.7,4.2,8.4,7.3,5.4,5,6.3,8,7.2,7.1,5.9
2012,Jan,Jan-12,13,8.5,7.1,4.3,2012,Jan,8.3,8.5,7.5,8.7,7.4,11.2,8.4,8.4,7,9.6,9.2,9.5,6.6,7.7,9.3,8.4,5.2,5.9,8.5,7.1,7.2,6.9,6.7,9.2,5.8,9.1,7.6,6,4.1,12.3,5.2,9.3,7.1,8.6,9.7,3,7.8,5.3,9.1,7.5,10.7,9.6,4.2,8.2,7.1,5.3,4.9,6.2,8,7.1,7,5.8
2012,Feb,Feb-12,13.1,8.3,7.2,4.2,2012,Feb,8.3,8.4,7.4,8.6,7.3,11,8.3,8.3,7,9.5,9.1,9.4,6.5,7.6,9.1,8.3,5.2,5.9,8.4,7.1,7.2,6.9,6.7,9.1,5.7,9,7.5,5.9,4,12.2,5.2,9.3,7,8.6,9.6,2.9,7.7,5.1,9,7.5,10.6,9.5,4.1,8.1,7,4.7,4.9,6.2,7.9,7,6.9,5.7
2012,Mar,Mar-12,12.8,8.1,7.5,4.1,2012,Mar,8.2,8.4,7.4,8.6,7.3,11,8.3,8.3,7,9.3,9,9.3,6.4,7.6,9,8.2,5.1,5.8,8.2,7,7.2,6.9,6.7,9.1,5.7,8.9,7.4,5.9,3.9,12.1,5.3,9.4,7,8.7,9.5,2.9,7.6,5.1,9,7.5,10.5,9.4,4.1,8,6.7,4.8,4.8,6.1,7.9,7.1,6.9,5.6
2012,Apr,Apr-12,12.5,8,7.6,4,2012,Apr,8.2,8.4,7.3,8.5,7.3,10.9,8.3,8.4,7,9.2,8.9,9.3,6.3,7.6,9,8.2,5.1,5.8,8.2,7,7.2,6.9,6.7,9.1,5.7,8.9,7.3,5.9,3.9,12,5.4,9.5,7,8.8,9.5,2.9,7.5,5.1,8.9,7.6,10.5,9.4,4.1,8,6.8,4.8,4.9,6.1,7.9,7.2,7,5.6
2012,May,May-12,12.9,8.3,7.7,3.9,2012,May,8.2,8.4,7.3,8.5,7.3,10.8,8.2,8.4,7.1,9.1,8.9,9.2,6.2,7.5,9,8.2,5.1,5.8,8.2,6.9,7.3,6.9,6.7,9.1,5.7,8.9,7.2,5.9,3.9,11.9,5.4,9.5,7,8.8,9.5,2.9,7.4,5.1,8.9,7.7,10.4,9.3,4.1,8,6.8,4.9,4.9,6.1,8,7.3,7,5.6
2012,Jun,Jun-12,12.6,8.6,7.3,4,2012,Jun,8.2,8.3,7.3,8.4,7.3,10.7,8.2,8.4,7.1,9,8.8,9.1,6.1,7.5,9.1,8.2,5.1,5.7,8.2,6.8,7.3,6.9,6.7,9.1,5.7,8.9,7.2,5.9,3.9,11.8,5.5,9.5,6.9,8.8,9.5,2.9,7.3,5.1,8.9,7.7,10.4,9.2,4.1,8,6.8,4.8,4.9,6,8,7.4,7,5.6
2012,Jul,Jul-12,12.4,8.5,7.2,4.1,2012,Jul,8.2,8.2,7.2,8.3,7.3,10.5,8.1,8.4,7.1,8.8,8.6,9,5.9,7.4,9,8.2,5.1,5.7,8.2,6.7,7.2,6.9,6.7,9,5.7,8.8,7.1,5.9,3.9,11.6,5.6,9.5,6.9,8.7,9.5,2.9,7.3,5.1,8.8,7.8,10.3,9,4.1,8,6.7,4.8,4.9,5.9,7.8,7.4,7,5.5
2012,Aug,Aug-12,11.8,8.6,6.7,4.1,2012,Aug,8.1,8.1,7.2,8.2,7.2,10.3,7.9,8.4,7.1,8.7,8.5,8.9,5.7,7.3,9,8.2,5,5.6,8.2,6.6,7.2,6.9,6.7,9,5.7,8.8,7,5.8,3.8,11.4,5.6,9.4,6.9,8.6,9.5,2.9,7.2,5.1,8.7,7.8,10.1,8.8,4.1,7.9,6.6,4.7,4.8,5.9,7.6,7.4,6.9,5.5
2012,Sep,Sep-12,11.7,8.5,6.6,4,2012,Sep,7.8,7.9,7.1,8.1,7.2,10.2,7.8,8.4,7.1,8.6,8.4,8.8,5.5,7.2,9,8.2,5,5.6,8.1,6.5,7.2,6.8,6.7,9,5.6,8.7,7,5.7,3.8,11.2,5.6,9.4,6.9,8.6,9.5,2.9,7.2,5.1,8.7,7.7,10,8.7,4,7.8,6.5,4.7,4.8,5.8,7.4,7.4,6.9,5.4
2012,Oct,Oct-12,12.1,8.3,6.9,3.7,2012,Oct,7.8,7.8,7.1,8.1,7.2,10,7.6,8.3,7.1,8.6,8.3,8.7,5.3,7.2,9,8.2,5,5.6,8.1,6.4,7.1,6.8,6.7,9,5.6,8.7,7,5.6,3.8,11.1,5.6,9.3,6.9,8.5,9.5,3,7.2,5.1,8.6,7.7,9.8,8.6,4,7.8,6.5,4.6,4.7,5.7,7.2,7.3,6.8,5.3
2012,Nov,Nov-12,12,8,6.5,3.9,2012,Nov,7.7,7.8,7.1,8.1,7.2,9.9,7.5,8.3,7.1,8.6,8.2,8.7,5.2,7.1,9,8.2,4.9,5.6,8.1,6.5,7.1,6.8,6.7,9,5.5,8.6,7,5.6,3.8,10.9,5.6,9.3,7,8.4,9.5,3,7.3,5.1,8.6,7.7,9.7,8.5,3.9,7.8,6.5,4.6,4.7,5.7,7.1,7.3,6.8,5.2
2012,Dec,Dec-12,11.8,8,6.9,4,2012,Dec,7.9,7.7,7.1,8.1,7.2,9.8,7.4,8.3,7.1,8.7,8.1,8.6,5.1,7.1,9.1,8.2,4.9,5.6,8,6.6,7.1,6.8,6.7,9,5.4,8.6,7,5.5,3.8,10.8,5.6,9.2,7,8.4,9.4,3,7.4,5.1,8.5,7.7,9.6,8.4,3.9,7.9,6.5,4.6,4.6,5.7,6.9,7.2,6.9,5.2
2013,Jan,Jan-13,12,8.1,6.9,3.8,2013,Jan,8,7.6,7.1,8.1,7.2,9.7,7.3,8.3,7.1,8.7,8,8.6,5,7,9.2,8.2,4.9,5.6,8,6.7,7.1,6.8,6.7,9,5.4,8.7,6.9,5.5,3.8,10.7,5.6,9.1,7,8.3,9.4,3,7.5,5.2,8.4,7.6,9.6,8.4,3.9,8,6.5,4.5,4.6,5.6,6.9,7.1,6.9,5.1
2013,Feb,Feb-13,11.3,7.9,6.5,3.9,2013,Feb,7.7,7.6,7,8.1,7.2,9.5,7.2,8.3,7,8.7,8,8.6,4.9,7,9.3,8.2,4.9,5.5,8,6.8,7,6.8,6.8,9,5.3,8.7,6.9,5.5,3.8,10.6,5.5,9,7,8.2,9.1,3,7.6,5.2,8.3,7.5,9.5,8.3,3.8,8,6.6,4.4,4.6,5.6,6.7,6.9,6.9,5
2013,Mar,Mar-13,11.1,7.7,6.3,3.8,2013,Mar,7.5,7.5,7,8,7.2,9.4,7.1,8.2,7,8.7,7.9,8.5,4.9,7,9.3,8.1,4.9,5.5,8,6.8,7,6.7,6.8,8.9,5.2,8.7,6.9,5.5,3.8,10.5,5.5,8.9,6.9,8.1,8.8,3,7.6,5.2,8.2,7.4,9.5,8.1,3.8,8,6.5,4.4,4.6,5.6,6.7,6.8,6.9,4.9
2013,Apr,Apr-13,11.6,7.5,6.4,3.9,2013,Apr,7.6,7.4,7,8,7.2,9.3,7,8.2,6.9,8.6,7.8,8.4,4.8,7,9.3,8,4.9,5.4,8,6.7,6.9,6.7,6.8,8.9,5.2,8.7,6.9,5.5,3.8,10.4,5.4,8.8,6.9,8,8.5,2.9,7.6,5.2,8,7.3,9.5,7.9,3.8,8,6.5,4.3,4.5,5.6,6.7,6.7,6.9,4.8
2013,May,May-13,11,7.3,6.5,3.9,2013,May,7.5,7.3,7,7.9,7.2,9.2,6.9,8.1,6.8,8.5,7.6,8.3,4.7,7,9.2,7.8,4.8,5.4,8,6.7,6.8,6.6,6.7,8.8,5.1,8.6,6.8,5.4,3.7,10.2,5.3,8.7,6.9,7.9,8.2,2.9,7.6,5.1,7.9,7.2,9.5,7.7,3.8,7.9,6.4,4.3,4.5,5.6,6.7,6.6,6.8,4.7
2013,Jun,Jun-13,10.7,7.7,6.5,3.8,2013,Jun,7.5,7.3,7,7.9,7.1,9.1,6.8,8.1,6.7,8.5,7.6,8.2,4.7,6.9,9.2,7.7,4.8,5.4,8,6.6,6.7,6.6,6.7,8.8,5.1,8.5,6.8,5.4,3.7,10.1,5.2,8.5,6.9,7.9,7.8,2.9,7.6,5.1,7.8,7.1,9.6,7.5,3.7,7.9,6.4,4.2,4.5,5.6,6.7,6.6,6.7,4.7
2013,Jul,Jul-13,10.8,7.5,6.1,3.8,2013,Jul,7.3,7.2,7,7.8,7.1,9,6.8,8,6.6,8.5,7.5,8.1,4.7,6.9,9.2,7.5,4.7,5.3,8,6.5,6.7,6.5,6.7,8.8,5,8.5,6.8,5.4,3.7,9.9,5.2,8.4,6.9,7.8,7.5,2.9,7.6,5.1,7.7,7.1,9.6,7.4,3.7,7.8,6.3,4.2,4.4,5.6,6.7,6.6,6.7,4.6
2013,Aug,Aug-13,11.1,7.4,6.1,3.4,2013,Aug,7.2,7.2,7,7.8,7.1,8.9,6.7,7.9,6.5,8.4,7.4,8,4.7,6.9,9.1,7.3,4.7,5.3,8,6.4,6.6,6.5,6.7,8.8,5,8.5,6.8,5.3,3.7,9.8,5.2,8.2,6.9,7.8,7.3,2.9,7.6,5.1,7.6,7,9.6,7.2,3.7,7.7,6.3,4.2,4.4,5.6,6.7,6.6,6.6,4.6
2013,Sep,Sep-13,10.5,7.6,6.1,3.7,2013,Sep,7.2,7.2,7,7.7,7,8.8,6.5,7.8,6.3,8.3,7.3,7.9,4.7,6.9,9,7.1,4.6,5.2,7.9,6.2,6.5,6.4,6.6,8.6,4.9,8.4,6.7,5.3,3.6,9.6,5.1,8,6.9,7.6,6.7,2.8,7.5,5.1,7.4,6.9,9.5,7,3.6,7.6,6.2,4.1,4.3,5.5,6.6,6.6,6.5,4.6
2013,Oct,Oct-13,10.9,7.2,6.4,3.7,2013,Oct,7.2,7.2,7,7.6,6.9,8.6,6.4,7.6,6.2,8.2,7.2,7.8,4.7,6.8,8.8,6.9,4.5,5.1,7.8,6,6.4,6.3,6.5,8.5,4.8,8.3,6.6,5.2,3.5,9.4,5.1,7.8,6.9,7.5,6.6,2.8,7.3,5.1,7.3,6.8,9.4,6.8,3.6,7.4,6.1,4,4.3,5.5,6.5,6.7,6.4,4.6
2013,Nov,Nov-13,10.7,7.2,6.4,3.4,2013,Nov,6.9,7.2,6.9,7.5,6.7,8.5,6.2,7.5,6.1,8.1,7.1,7.7,4.7,6.4,8.7,6.7,4.5,5,7.7,5.9,6.3,6.2,6.4,8.4,4.8,8.2,6.6,5.1,3.5,9.3,5,7.6,6.9,7.3,6.5,2.8,7.1,5,7.2,6.7,9.3,6.5,3.5,7.3,6,4,4.2,5.4,6.4,6.7,6.3,4.6
2013,Dec,Dec-13,9.8,7,6.2,3.3,2013,Dec,6.7,7.2,6.9,7.4,6.6,8.4,6.1,7.4,6.1,8,7,7.6,4.6,6,8.6,6.5,4.5,4.9,7.6,5.7,6.2,6.1,6.3,8.2,4.7,8.1,6.6,5,3.5,9.1,4.9,7.5,6.8,7.1,6.4,2.8,6.9,5,7.2,6.6,9.1,6.3,3.5,7.1,5.8,3.9,4.1,5.4,6.3,6.7,6.1,4.6
2014,Jan,Jan-14,9.4,6.5,5.9,3.3,2014,Jan,6.6,7.2,6.9,7.2,6.5,8.2,6,7.2,6,7.9,6.9,7.5,4.6,5.6,8.4,6.4,4.4,4.8,7.5,5.6,6.1,6.1,6.2,8.1,4.7,8.1,6.6,5,3.5,8.9,4.8,7.3,6.8,7,6.4,2.7,6.6,4.9,7.2,6.5,8.9,6.1,3.5,6.9,5.7,3.8,4.1,5.3,6.2,6.7,6,4.5
2014,Feb,Feb-14,9.8,6.4,6,3.4,2014,Feb,6.7,7.1,6.9,7.1,6.3,8.1,5.8,7.1,6,7.9,6.8,7.4,4.5,5.2,8.1,6.3,4.4,4.7,7.3,5.6,6,6,6.1,8,4.6,8,6.6,4.9,3.5,8.8,4.7,7.1,6.7,6.8,6.3,2.7,6.4,4.7,7.1,6.4,8.7,6,3.4,6.8,5.6,3.7,4,5.3,6.1,6.7,5.9,4.4
2014,Mar,Mar-14,9.4,6.3,6,3.4,2014,Mar,6.7,7.1,6.9,7,6.2,8,5.6,6.9,5.9,7.8,6.7,7.4,4.4,4.9,7.9,6.2,4.4,4.7,7.2,5.7,5.9,5.9,6,7.9,4.6,7.9,6.5,4.8,3.4,8.6,4.6,7,6.7,6.7,6.3,2.6,6.2,4.6,7,6.3,8.5,6,3.4,6.8,5.5,3.7,4,5.3,6.1,6.7,5.7,4.4
2014,Apr,Apr-14,8.7,6.2,5.7,3.3,2014,Apr,6.2,7,6.9,6.9,6,7.8,5.4,6.8,5.8,7.8,6.7,7.4,4.4,4.6,7.6,6.1,4.3,4.6,7,5.8,5.8,5.9,5.9,7.7,4.5,7.9,6.4,4.7,3.4,8.5,4.5,6.8,6.7,6.5,6.3,2.6,6,4.5,6.9,6.2,8.3,6,3.4,6.7,5.4,3.6,4,5.3,6,6.6,5.6,4.4
2014,May,May-14,9.2,6.5,5.5,3.2,2014,May,6.3,6.9,6.9,6.9,6,7.7,5.2,6.7,5.8,7.8,6.6,7.3,4.4,4.5,7.4,6.1,4.3,4.6,6.7,6,5.7,5.8,5.9,7.5,4.4,7.8,6.3,4.7,3.3,8.3,4.4,6.7,6.7,6.4,6.2,2.6,5.9,4.4,6.8,6.1,8,6.1,3.4,6.7,5.3,3.6,4,5.2,6,6.5,5.5,4.4
2014,Jun,Jun-14,9.2,5.9,5.2,3.3,2014,Jun,6.1,6.8,6.9,6.8,5.9,7.6,5,6.6,5.7,7.8,6.5,7.3,4.3,4,7.2,6,4.3,4.5,6.5,6.2,5.6,5.8,5.8,7.4,4.3,7.7,6.2,4.7,3.3,8.2,4.3,6.7,6.6,6.3,6.2,2.6,5.8,4.3,6.7,6,7.8,6.2,3.3,6.7,5.2,3.6,4,5.2,5.9,6.5,5.4,4.4
2014,Jul,Jul-14,9.5,6.1,5.3,3.1,2014,Jul,6.2,6.7,6.8,6.7,5.8,7.5,4.8,6.6,5.6,7.7,6.4,7.2,4.2,4,7,5.9,4.2,4.5,6.3,6.4,5.5,5.7,5.7,7.2,4.2,7.6,6.1,4.6,3.2,8.1,4.3,6.6,6.6,6.2,6.1,2.6,5.7,4.2,6.6,5.8,7.6,6.3,3.3,6.6,5.2,3.6,4,5.1,5.9,6.4,5.3,4.4
2014,Aug,Aug-14,9.2,6.1,5.3,3.2,2014,Aug,6.1,6.6,6.8,6.7,5.7,7.4,4.6,6.5,5.5,7.7,6.3,7.1,4.1,4,6.8,5.8,4.2,4.4,6,6.6,5.4,5.6,5.6,7,4.1,7.5,6,4.6,3.2,7.9,4.2,6.6,6.6,6.1,6.1,2.6,5.6,4.2,6.5,5.7,7.4,6.5,3.3,6.6,5.1,3.6,4,5.1,5.9,6.4,5.1,4.4
2014,Sep,Sep-14,8.5,5.4,5.4,2.9,2014,Sep,5.9,6.5,6.7,6.7,5.7,7.3,4.5,6.4,5.4,7.6,6.2,7,4.1,4,6.6,5.8,4.2,4.4,5.9,6.7,5.3,5.6,5.6,6.8,4,7.4,5.9,4.6,3.1,7.8,4.1,6.6,6.5,6,6,2.6,5.5,4.1,6.4,5.6,7.3,6.5,3.3,6.5,5,3.6,4,5,5.8,6.4,5,4.4
2014,Oct,Oct-14,8.1,5.7,4.9,3,2014,Oct,5.7,6.4,6.5,6.6,5.6,7.2,4.4,6.3,5.3,7.6,6.1,6.8,4,4,6.5,5.7,4.1,4.3,5.7,6.8,5.2,5.5,5.5,6.6,4,7.2,5.8,4.5,3.1,7.7,4.1,6.5,6.4,5.9,5.9,2.6,5.4,4.1,6.3,5.6,7.1,6.6,3.3,6.4,4.9,3.6,4,4.9,5.8,6.4,5,4.3
2014,Nov,Nov-14,8.6,5.7,4.9,3.2,2014,Nov,5.8,6.3,6.4,6.5,5.6,7.1,4.3,6.2,5.2,7.5,6,6.7,3.9,3.9,6.3,5.6,4,4.3,5.5,6.8,5.2,5.5,5.4,6.4,3.9,7.1,5.7,4.5,3,7.6,4,6.5,6.4,5.8,5.8,2.6,5.3,4,6.2,5.5,6.9,6.5,3.2,6.3,4.8,3.6,3.9,4.9,5.7,6.3,4.9,4.1
2014,Dec,Dec-14,8.6,5.3,5,2.8,2014,Dec,5.6,6.2,6.3,6.4,5.5,6.9,4.2,6.1,5.1,7.4,6,6.6,3.9,3.9,6.2,5.5,3.9,4.3,5.4,6.8,5,5.4,5.2,6.2,3.9,6.9,5.7,4.4,3,7.5,3.9,6.4,6.4,5.8,5.7,2.6,5.2,4,6,5.5,6.7,6.5,3.2,6.2,4.6,3.6,3.9,4.8,5.7,6.4,4.8,4
2015,Jan,Jan-15,8.3,5.4,5.2,2.8,2015,Jan,5.7,6.1,6.2,6.4,5.5,6.8,4.1,6,5,7.4,5.9,6.5,3.8,3.8,6.1,5.4,3.9,4.3,5.3,6.8,4.9,5.4,5.2,6,3.8,6.8,5.6,4.3,2.9,7.4,3.8,6.3,6.5,5.7,5.7,2.6,5.2,4,5.8,5.5,6.6,6.4,3.2,6.1,4.6,3.6,3.8,4.8,5.6,6.4,4.7,3.9
2015,Feb,Feb-15,8.2,5.4,5,2.7,2015,Feb,5.5,6.1,6.3,6.3,5.4,6.7,4.1,5.9,4.9,7.3,5.8,6.4,3.8,3.9,6.1,5.2,3.8,4.4,5.3,6.7,4.8,5.3,5.1,5.9,3.8,6.7,5.6,4.3,2.9,7.3,3.8,6.3,6.6,5.6,5.7,2.6,5.2,4.1,5.8,5.5,6.5,6.4,3.2,6.1,4.5,3.5,3.7,4.7,5.5,6.5,4.7,3.9
2015,Mar,Mar-15,8.6,5.3,4.8,2.4,2015,Mar,5.4,6.1,6.3,6.2,5.4,6.6,4.1,5.8,4.9,7.2,5.8,6.3,3.7,3.9,6,5.1,3.8,4.4,5.3,6.6,4.7,5.3,5,5.8,3.8,6.7,5.6,4.3,3,7.2,3.7,6.2,6.7,5.6,5.8,2.7,5.2,4.2,5.7,5.5,6.4,6.3,3.2,6,4.5,3.5,3.7,4.7,5.5,6.7,4.6,4
2015,Apr,Apr-15,8.4,5.5,4.7,2.7,2015,Apr,5.4,6.1,6.3,6.2,5.3,6.5,4,5.8,4.9,7.2,5.7,6.3,3.6,3.9,6,4.9,3.8,4.4,5.3,6.5,4.6,5.2,5,5.7,3.8,6.6,5.5,4.2,3,7.1,3.6,6.1,6.7,5.5,5.8,2.8,5.1,4.3,5.7,5.5,6.3,6.2,3.1,5.9,4.5,3.5,3.6,4.6,5.4,6.8,4.6,4.1
2015,May,May-15,8.7,5.8,4.4,2.8,2015,May,5.6,6.1,6.3,6.1,5.2,6.4,3.9,5.7,4.9,7,5.7,6.2,3.5,3.9,6,4.8,3.7,4.3,5.2,6.4,4.5,5.1,4.9,5.6,3.8,6.5,5.3,4.3,3,7,3.5,6,6.7,5.4,5.8,2.8,5,4.4,5.6,5.5,6.2,6.1,3.1,5.8,4.4,3.5,3.6,4.5,5.4,6.8,4.5,4.2
2015,Jun,Jun-15,8.2,5.4,4.2,2.5,2015,Jun,5.3,6.2,6.3,6.1,5.1,6.3,3.8,5.6,4.8,6.9,5.6,6.1,3.4,3.9,6,4.7,3.7,4.2,5.2,6.3,4.4,5,4.8,5.5,3.8,6.4,5.2,4.3,3,6.9,3.4,5.8,6.7,5.3,5.8,2.8,4.9,4.4,5.5,5.4,6,6,3.1,5.7,4.4,3.5,3.5,4.4,5.4,6.8,4.4,4.2
2015,Jul,Jul-15,8.3,5.5,4.3,2.5,2015,Jul,5.2,6.2,6.2,6.1,4.9,6.2,3.7,5.6,4.8,6.8,5.5,6,3.3,3.9,5.9,4.6,3.6,4.1,5.2,6.1,4.3,4.9,4.7,5.4,3.8,6.3,5,4.3,3,6.8,3.3,5.6,6.6,5.2,5.7,2.8,4.8,4.4,5.5,5.4,5.9,5.8,3.1,5.5,4.4,3.5,3.5,4.3,5.4,6.7,4.4,4.2
2015,Aug,Aug-15,7.9,5.5,4.3,2.4,2015,Aug,5.1,6.2,6.2,6,4.8,6,3.6,5.5,4.7,6.8,5.4,5.9,3.3,3.9,5.9,4.6,3.6,4,5.2,6.1,4.2,4.9,4.7,5.2,3.8,6.3,4.9,4.3,3,6.7,3.3,5.5,6.6,5,5.7,2.8,4.8,4.3,5.4,5.3,5.8,5.7,3,5.4,4.5,3.5,3.5,4.2,5.4,6.6,4.3,4.2
2015,Sep,Sep-15,7.9,5.3,4.3,2.5,2015,Sep,5,6.1,6.2,6,4.6,5.9,3.5,5.4,4.7,6.7,5.3,5.9,3.2,3.9,5.9,4.5,3.6,4,5.2,6,4.1,4.8,4.6,5.1,3.8,6.3,4.8,4.3,3,6.6,3.2,5.3,6.6,4.9,5.6,2.8,4.7,4.3,5.3,5.3,5.7,5.6,3,5.3,4.5,3.5,3.4,4.1,5.4,6.5,4.3,4.3
2015,Oct,Oct-15,7.6,5.2,4.4,2.5,2015,Oct,5,6.1,6.3,5.9,4.5,5.8,3.4,5.4,4.7,6.6,5.3,5.8,3.2,3.8,5.9,4.5,3.6,3.9,5.2,6,4.1,4.7,4.6,5,3.7,6.4,4.7,4.3,3,6.5,3.1,5.2,6.5,4.9,5.5,2.8,4.8,4.3,5.2,5.3,5.7,5.5,2.9,5.1,4.5,3.5,3.4,4.1,5.4,6.4,4.2,4.3
2015,Nov,Nov-15,6.8,5.4,4.4,2.5,2015,Nov,5.1,6.1,6.3,5.8,4.4,5.8,3.4,5.4,4.6,6.6,5.2,5.8,3.1,3.8,6,4.5,3.6,3.9,5.2,6,4,4.7,4.5,5,3.8,6.4,4.6,4.3,3,6.4,3,5.1,6.5,4.9,5.4,2.9,4.8,4.4,5.1,5.2,5.6,5.4,2.9,5,4.5,3.5,3.4,4,5.4,6.4,4.2,4.5
2015,Dec,Dec-15,6.4,5.6,4.1,2.5,2015,Dec,5,6.1,6.4,5.8,4.3,5.7,3.3,5.3,4.6,6.5,5.1,5.7,3.1,3.8,6.1,4.6,3.6,3.9,5.2,6,4,4.6,4.4,4.9,3.8,6.4,4.5,4.3,3,6.3,3,5,6.5,4.8,5.4,3,4.9,4.4,5,5.3,5.6,5.4,2.8,4.9,4.5,3.5,3.3,4,5.4,6.4,4.2,4.7
2016,Jan,Jan-16,7.1,5.1,4.3,2.5,2016,Jan,4.8,6.1,6.4,5.7,4.2,5.7,3.3,5.2,4.5,6.4,5.1,5.7,3,3.8,6.2,4.6,3.6,3.9,5.2,6,4,4.5,4.4,4.9,3.8,6.3,4.5,4.4,3,6.2,2.9,5,6.5,4.8,5.3,3.1,5,4.5,4.9,5.3,5.6,5.3,2.8,4.8,4.5,3.5,3.2,4,5.4,6.4,4.1,5
2016,Feb,Feb-16,7,5.1,4.3,2.5,2016,Feb,4.9,6,6.5,5.6,4.1,5.6,3.3,5.2,4.5,6.3,5,5.7,3,3.8,6.2,4.6,3.6,3.9,5.1,6.1,3.9,4.4,4.3,4.9,3.8,6.2,4.4,4.4,3,6.2,2.9,5,6.5,4.8,5.2,3.2,5,4.5,4.9,5.3,5.5,5.3,2.8,4.7,4.4,3.5,3.2,3.9,5.4,6.3,4.1,5.3
2016,Mar,Mar-16,7.3,5.3,4.1,2.6,2016,Mar,5,6,6.5,5.6,4,5.6,3.3,5.1,4.4,6.2,5,5.6,3,3.7,6.2,4.6,3.6,3.9,5.1,6.1,3.9,4.3,4.2,5,3.8,6.1,4.4,4.4,3,6.1,2.8,5,6.6,4.8,5.2,3.2,5,4.6,4.9,5.3,5.4,5.2,2.8,4.7,4.5,3.5,3.2,3.9,5.4,6.3,4,5.5
2016,Apr,Apr-16,7.6,5.5,4.2,2.5,2016,Apr,5.1,5.9,6.5,5.6,4,5.5,3.3,5,4.4,6.1,4.9,5.5,3,3.7,6.1,4.6,3.6,4,5,6.1,3.9,4.3,4.1,5,3.8,6,4.5,4.4,3,6,2.8,5,6.6,4.8,5.1,3.2,5,4.7,4.9,5.4,5.4,5.1,2.9,4.6,4.5,3.4,3.1,3.9,5.3,6.2,4,5.7
2016,May,May-16,7.4,5.1,3.9,2.5,2016,May,4.8,5.9,6.6,5.5,4,5.5,3.3,4.9,4.4,6.1,4.9,5.4,3,3.7,6,4.5,3.6,4,4.9,6.1,3.8,4.3,4.1,5,3.8,6,4.6,4.4,3,5.9,2.9,5,6.7,4.8,5.1,3.2,5,4.7,4.9,5.4,5.4,5.1,2.9,4.7,4.6,3.4,3.1,3.9,5.3,6.2,4,5.7
2016,Jun,Jun-16,7.6,5.1,4.1,2.5,2016,Jun,4.9,5.9,6.6,5.5,4,5.5,3.2,4.9,4.5,6.1,4.9,5.4,2.9,3.7,5.9,4.4,3.7,4,4.9,6.1,3.8,4.3,4,5,3.8,5.9,4.7,4.3,3.1,5.8,2.9,5,6.8,4.9,5,3.2,5,4.8,4.9,5.4,5.3,5,3,4.7,4.7,3.4,3.1,4,5.3,6.2,3.9,5.6
2016,Jul,Jul-16,6.5,5.1,4.2,2.4,2016,Jul,4.8,5.9,6.6,5.5,4,5.5,3.2,4.8,4.5,6.2,4.9,5.4,2.9,3.7,5.8,4.4,3.6,4.1,4.9,6.1,3.8,4.2,3.9,5,3.9,5.9,4.7,4.3,3.1,5.7,2.9,5,6.9,4.9,5,3.1,5,4.8,4.9,5.4,5.3,4.9,3.1,4.8,4.7,3.3,3.1,4,5.3,6.1,3.9,5.4
2016,Aug,Aug-16,7.4,5,4.2,2.6,2016,Aug,4.9,5.9,6.7,5.4,4,5.5,3.1,4.7,4.5,6.2,4.9,5.4,2.9,3.7,5.8,4.3,3.6,4.1,5,6.1,3.7,4.2,3.9,5,3.9,5.9,4.7,4.3,3.1,5.7,2.9,5,6.9,5,5.1,3.1,5,4.8,4.8,5.4,5.2,4.8,3.1,4.8,4.7,3.3,3.1,4.1,5.2,6.1,3.9,5.3
2016,Sep,Sep-16,8.7,5.2,4.2,2.5,2016,Sep,5,5.9,6.7,5.4,3.9,5.5,3,4.7,4.6,6.3,4.9,5.4,2.8,3.6,5.7,4.2,3.6,4.1,5,6.1,3.7,4.3,3.9,5.1,4,5.9,4.7,4.3,3.1,5.6,2.9,4.9,6.9,5,5.1,3,5.1,4.7,4.7,5.4,5.1,4.7,3.2,4.9,4.8,3.3,3.1,4.1,5.1,6,3.9,5.2
2016,Oct,Oct-16,7.5,5.5,3.9,2.6,2016,Oct,4.9,5.9,6.7,5.4,3.9,5.5,3,4.7,4.6,6.3,4.9,5.4,2.8,3.6,5.7,4.1,3.5,4.1,5.1,6.1,3.7,4.3,3.9,5.1,4,5.9,4.6,4.3,3.2,5.6,2.9,4.9,6.9,5,5.1,3,5.2,4.7,4.5,5.3,5,4.6,3.2,4.9,4.8,3.2,3.1,4.1,5.1,5.9,3.8,5.2
2016,Nov,Nov-16,7.9,5,3.9,2.4,2016,Nov,4.7,5.8,6.7,5.3,3.9,5.4,2.9,4.6,4.7,6.3,4.8,5.4,2.7,3.6,5.6,4.1,3.5,4.1,5.1,6,3.6,4.2,3.9,5.1,4,5.8,4.5,4.2,3.1,5.5,2.9,4.8,6.9,4.9,5,3,5.3,4.6,4.4,5.3,4.9,4.5,3.2,4.8,4.8,3.2,3.1,4.1,5,5.8,3.7,5.1
2016,Dec,Dec-16,7.5,5.1,3.8,2.5,2016,Dec,4.7,5.7,6.7,5.3,3.8,5.4,2.7,4.6,4.7,6.3,4.8,5.3,2.7,3.5,5.4,4,3.4,4,5.1,5.9,3.5,4.2,3.9,5,3.9,5.7,4.3,4.2,3.1,5.4,2.9,4.7,6.8,4.8,5,2.9,5.3,4.5,4.3,5.2,4.8,4.5,3.2,4.7,4.8,3.2,3.1,4,4.9,5.6,3.6,5
2017,Jan,Jan-17,7.4,5.2,3.8,2.5,2017,Jan,4.7,5.5,6.6,5.2,3.8,5.3,2.6,4.6,4.7,6.3,4.7,5.2,2.6,3.4,5.3,3.8,3.4,3.9,5.1,5.8,3.5,4.2,3.9,4.9,3.8,5.6,4.2,4.2,3.1,5.3,2.9,4.6,6.7,4.7,4.9,2.9,5.2,4.4,4.1,5.2,4.6,4.4,3.2,4.6,4.8,3.2,3.2,4,4.8,5.4,3.5,4.8
2017,Feb,Feb-17,7.7,4.8,4,2.4,2017,Feb,4.6,5.3,6.6,5.2,3.7,5.2,2.5,4.5,4.6,6.2,4.5,5.1,2.5,3.4,5.1,3.7,3.3,3.8,5,5.7,3.4,4.1,3.8,4.7,3.7,5.5,4,4.2,3,5.2,2.9,4.5,6.6,4.7,4.8,2.8,5.2,4.3,4,5.1,4.6,4.3,3.1,4.4,4.7,3.2,3.2,3.9,4.7,5.3,3.4,4.6
2017,Mar,Mar-17,6.5,4.8,3.6,2.4,2017,Mar,4.4,5.1,6.5,5.1,3.7,5.1,2.4,4.5,4.6,6.2,4.4,5,2.5,3.3,5,3.6,3.2,3.7,5,5.5,3.4,4.1,3.8,4.5,3.6,5.4,3.9,4.1,3,5.2,2.9,4.5,6.5,4.6,4.7,2.7,5.1,4.2,4,5,4.5,4.2,3.1,4.1,4.6,3.2,3.1,3.9,4.6,5.1,3.3,4.4
2017,Apr,Apr-17,6.4,4.6,3.7,2.5,2017,Apr,4.5,4.9,6.5,5,3.7,5,2.4,4.5,4.5,6.2,4.3,4.9,2.4,3.2,5,3.5,3.2,3.7,5,5.4,3.4,4.1,3.8,4.4,3.5,5.4,3.9,4.1,2.9,5.1,2.8,4.4,6.4,4.6,4.6,2.6,5.1,4.1,3.9,5,4.4,4.2,3.1,3.9,4.5,3.2,3.1,3.8,4.5,5.1,3.3,4.2
2017,May,May-17,6.2,4.8,4.1,2.4,2017,May,4.4,4.7,6.5,5,3.7,4.9,2.4,4.4,4.5,6.2,4.3,4.9,2.3,3.1,4.9,3.4,3.1,3.6,4.9,5.2,3.4,4,3.8,4.3,3.5,5.3,3.8,4.1,2.9,5.1,2.8,4.4,6.2,4.6,4.5,2.6,5,4,4,5,4.4,4.1,3.1,3.7,4.4,3.2,3,3.8,4.5,5,3.3,4.1
2017,Jun,Jun-17,6.5,4.6,3.7,2.3,2017,Jun,4.3,4.5,6.5,4.9,3.7,4.8,2.5,4.4,4.4,6.2,4.2,4.8,2.2,3.1,4.9,3.4,3.1,3.6,4.9,5.1,3.4,4,3.8,4.4,3.4,5.3,3.7,4.1,2.9,5,2.8,4.5,6.1,4.7,4.5,2.6,5,4,4,4.9,4.4,4.1,3.1,3.5,4.3,3.2,3,3.7,4.6,5.1,3.3,4.1
2017,Jul,Jul-17,7.1,4.5,3.7,2.3,2017,Jul,4.3,4.4,6.5,4.9,3.7,4.8,2.6,4.4,4.4,6.2,4.2,4.7,2.1,3.1,5,3.5,3.1,3.6,4.8,5,3.4,4,3.8,4.5,3.4,5.2,3.7,4.1,2.9,5,2.8,4.5,6,4.7,4.5,2.6,5,4,4.1,4.9,4.4,4.2,3.1,3.5,4.2,3.2,2.9,3.6,4.6,5.1,3.3,4.2
2017,Aug,Aug-17,6.1,5.1,3.7,2.4,2017,Aug,4.4,4.3,6.5,4.8,3.7,4.7,2.7,4.4,4.4,6.1,4.2,4.6,2,3.1,5,3.5,3,3.6,4.7,4.9,3.4,4.1,3.8,4.6,3.4,5.1,3.7,4.1,2.9,4.9,2.8,4.5,5.9,4.7,4.4,2.6,5,4,4.1,4.9,4.5,4.2,3.1,3.4,4.2,3.1,2.9,3.6,4.6,5.2,3.3,4.2
2017,Sep,Sep-17,6.9,4.4,3.6,2.3,2017,Sep,4.2,4.2,6.5,4.8,3.8,4.7,2.8,4.3,4.4,6.1,4.1,4.6,2,3.1,4.9,3.5,3,3.6,4.6,4.8,3.4,4.1,3.8,4.7,3.3,5,3.6,4.1,2.9,4.9,2.8,4.6,5.8,4.7,4.4,2.6,4.9,3.9,4.1,4.9,4.5,4.2,3.1,3.4,4.1,3.1,2.9,3.5,4.7,5.3,3.2,4.3
2017,Oct,Oct-17,6,4.3,3.7,2.1,2017,Oct,4.1,4.1,6.5,4.8,3.8,4.6,2.8,4.3,4.4,6,4.1,4.5,2,3.1,4.8,3.4,2.9,3.5,4.5,4.7,3.3,4.1,3.8,4.7,3.3,5,3.6,4.1,2.9,4.9,2.8,4.6,5.7,4.6,4.4,2.7,4.8,3.9,4.1,4.9,4.5,4.2,3.1,3.4,4.1,3.1,2.9,3.5,4.7,5.3,3.2,4.3
2017,Nov,Nov-17,5.2,4.4,3.7,2.1,2017,Nov,4.2,4,6.4,4.9,3.8,4.5,2.8,4.3,4.3,6,4,4.5,2,3,4.8,3.3,2.9,3.5,4.4,4.7,3.2,4.1,3.8,4.7,3.2,4.9,3.6,4.1,2.9,4.8,2.8,4.5,5.6,4.6,4.4,2.7,4.7,3.8,4.1,4.9,4.6,4.2,3.1,3.5,4.1,3.1,3,3.4,4.6,5.4,3.1,4.3
2017,Dec,Dec-17,6.3,4.2,3.6,2.2,2017,Dec,4.1,4,6.4,4.9,3.8,4.5,2.9,4.3,4.2,5.9,4,4.4,2,3,4.7,3.3,2.8,3.5,4.3,4.7,3.1,4.1,3.7,4.6,3.2,4.9,3.5,4,2.9,4.8,2.8,4.5,5.4,4.6,4.3,2.7,4.6,3.8,4.1,4.9,4.5,4.1,3.1,3.5,4.1,3.1,3,3.3,4.6,5.4,3,4.2
2018,Jan,Jan-18,5.5,4.4,3.4,2.1,2018,Jan,4,4,6.3,4.9,3.8,4.4,2.9,4.2,4.1,5.9,3.9,4.3,2.1,3,4.5,3.3,2.8,3.4,4.2,4.7,3,4.1,3.7,4.5,3.1,4.9,3.5,4,2.9,4.7,2.8,4.4,5.2,4.5,4.3,2.6,4.5,3.7,4.1,4.8,4.5,3.9,3,3.5,4.1,3,3,3.2,4.5,5.4,3,4.2
2018,Feb,Feb-18,5.7,4.3,3.5,2.2,2018,Feb,4.1,4,6.2,4.8,3.8,4.4,2.9,4.2,4,5.8,3.9,4.3,2.1,2.9,4.5,3.3,2.7,3.4,4.2,4.7,2.9,4,3.6,4.4,3.1,4.9,3.4,3.9,2.9,4.6,2.8,4.4,5.1,4.4,4.2,2.6,4.5,3.6,4,4.7,4.4,3.7,3,3.5,4,3,3,3.1,4.4,5.4,3,4.1
2018,Mar,Mar-18,5.4,4.2,3.5,2.2,2018,Mar,4,4,6.1,4.8,3.7,4.3,2.9,4.1,3.9,5.8,3.8,4.2,2.1,2.8,4.4,3.3,2.7,3.3,4.2,4.8,2.9,4,3.6,4.3,3.1,4.9,3.3,3.9,2.9,4.6,2.7,4.3,4.9,4.3,4.1,2.6,4.5,3.5,4,4.6,4.3,3.5,3,3.5,4,3,2.9,3.1,4.4,5.4,3,4.1
2018,Apr,Apr-18,5.8,4.3,3.4,2.1,2018,Apr,4,4,6,4.7,3.7,4.3,3,4,3.8,5.8,3.7,4.1,2.2,2.8,4.3,3.4,2.6,3.3,4.2,4.9,3,3.9,3.5,4.2,3,4.9,3.3,3.8,2.8,4.5,2.7,4.2,4.8,4.2,4.1,2.5,4.5,3.4,3.9,4.5,4.1,3.3,2.9,3.4,4,2.9,2.9,3,4.3,5.4,3,4
2018,May,May-18,5.3,4,3.3,2.1,2018,May,3.8,4,5.9,4.7,3.6,4.2,3,4,3.7,5.7,3.6,4,2.2,2.8,4.3,3.4,2.6,3.2,4.2,4.9,3.1,3.9,3.5,4.1,3,4.9,3.2,3.8,2.8,4.4,2.7,4.1,4.8,4.1,4,2.5,4.6,3.3,3.9,4.4,4,3.3,2.9,3.5,3.9,2.9,2.8,3,4.3,5.3,3,4
2018,Jun,Jun-18,5.5,4.2,3.3,2.3,2018,Jun,4,4,5.9,4.7,3.6,4.2,3.1,3.9,3.6,5.6,3.6,4,2.3,2.7,4.3,3.4,2.5,3.2,4.2,4.9,3.2,3.8,3.5,4,2.9,4.8,3.2,3.7,2.8,4.3,2.6,4,4.7,4,4,2.5,4.5,3.2,3.9,4.4,4,3.3,2.8,3.5,3.9,2.9,2.7,2.9,4.3,5.2,3,4
2018,Jul,Jul-18,5,4.1,3.1,2.2,2018,Jul,3.8,4,5.8,4.7,3.6,4.2,3.1,3.8,3.6,5.6,3.5,3.9,2.4,2.7,4.3,3.4,2.5,3.2,4.2,4.9,3.2,3.8,3.4,4,2.9,4.8,3.1,3.7,2.8,4.3,2.6,3.9,4.8,3.9,3.9,2.4,4.5,3.1,3.9,4.4,4,3.3,2.8,3.5,3.8,2.9,2.6,2.9,4.3,5.1,3,4
2018,Aug,Aug-18,5.6,3.9,3.5,2,2018,Aug,3.8,3.9,5.8,4.8,3.6,4.2,3.1,3.8,3.6,5.5,3.5,3.9,2.4,2.7,4.3,3.4,2.5,3.2,4.2,4.9,3.3,3.7,3.4,4,2.9,4.8,3.1,3.7,2.8,4.3,2.6,3.8,4.8,3.9,3.9,2.4,4.5,3,3.9,4.4,3.9,3.3,2.8,3.5,3.8,2.9,2.5,2.8,4.3,5,3,4
2018,Sep,Sep-18,5.8,3.8,3.2,2,2018,Sep,3.7,3.9,5.8,4.8,3.6,4.2,3.1,3.8,3.6,5.6,3.5,3.9,2.5,2.8,4.3,3.4,2.5,3.3,4.2,4.8,3.3,3.7,3.3,4,3,4.9,3.1,3.7,2.8,4.3,2.5,3.8,4.9,3.9,3.9,2.4,4.5,3,4,4.4,3.9,3.3,2.8,3.5,3.8,2.9,2.4,2.8,4.4,5,3,4
2018,Oct,Oct-18,6,4.1,3.1,2,2018,Oct,3.8,3.8,5.8,4.9,3.6,4.3,3.1,3.8,3.5,5.6,3.5,3.9,2.6,2.8,4.4,3.4,2.6,3.3,4.2,4.8,3.2,3.7,3.3,4.1,3,5,3.1,3.7,2.9,4.3,2.6,3.7,5,3.9,3.9,2.4,4.5,3.1,4.1,4.4,3.9,3.3,2.8,3.5,3.8,2.9,2.3,2.8,4.4,5,3,4
2018,Nov,Nov-18,5.7,3.6,3.2,2.2,2018,Nov,3.8,3.8,5.8,5,3.7,4.3,3.1,3.7,3.5,5.7,3.5,3.9,2.7,2.9,4.4,3.4,2.6,3.3,4.2,4.8,3.2,3.7,3.3,4.1,3.1,5.2,3.1,3.7,2.9,4.3,2.6,3.7,5.1,4,4,2.4,4.5,3.1,4.2,4.4,3.9,3.3,2.9,3.5,3.8,2.9,2.3,2.9,4.5,5.1,3,4
2018,Dec,Dec-18,5.9,3.8,3.4,2.2,2018,Dec,3.9,3.7,5.8,5,3.7,4.3,3.1,3.7,3.5,5.8,3.5,3.9,2.7,2.9,4.5,3.5,2.6,3.3,4.2,4.8,3.1,3.7,3.3,4.2,3.2,5.3,3.2,3.7,3,4.3,2.6,3.6,5.2,4,4,2.4,4.4,3.2,4.2,4.4,3.9,3.2,2.9,3.4,3.8,2.8,2.3,2.9,4.5,5.1,3.1,3.9
2019,Jan,Jan-19,5.8,3.6,3.4,2.4,2019,Jan,4,3.6,5.8,5,3.6,4.3,3,3.7,3.5,5.8,3.5,3.9,2.7,2.9,4.5,3.5,2.7,3.3,4.2,4.7,3,3.7,3.2,4.2,3.2,5.4,3.2,3.7,3,4.2,2.6,3.6,5.2,4,4,2.3,4.3,3.2,4.2,4.3,3.8,3.2,3,3.4,3.7,2.8,2.2,2.9,4.5,5,3.1,3.7
2019,Feb,Feb-19,5.4,3.6,3.1,2.2,2019,Feb,3.8,3.5,5.7,5,3.6,4.3,2.9,3.7,3.5,5.8,3.4,3.8,2.7,2.9,4.5,3.4,2.7,3.3,4.2,4.6,2.8,3.6,3.2,4.2,3.2,5.4,3.2,3.6,3,4.1,2.6,3.5,5.1,3.9,4,2.3,4.2,3.2,4.1,4.3,3.7,3.2,3,3.4,3.6,2.7,2.2,2.9,4.5,5,3.1,3.6
2019,Mar,Mar-19,5.8,3.6,3.3,2,2019,Mar,3.8,3.3,5.6,5,3.5,4.2,2.8,3.6,3.4,5.7,3.4,3.7,2.6,2.8,4.4,3.3,2.7,3.2,4.1,4.4,2.7,3.6,3.1,4.2,3.2,5.4,3.2,3.6,3,4.1,2.6,3.4,5.1,3.9,4,2.3,4.1,3.1,4,4.3,3.6,3.2,3,3.3,3.5,2.7,2.2,2.8,4.4,4.9,3.2,3.5
2019,Apr,Apr-19,5.3,3.5,3.1,2.1,2019,Apr,3.7,3.2,5.5,4.9,3.4,4.1,2.7,3.6,3.4,5.6,3.3,3.6,2.6,2.8,4.2,3.3,2.7,3.1,4.1,4.4,2.6,3.5,3.1,4.2,3.2,5.4,3.1,3.6,3,4,2.6,3.3,5.1,3.8,3.9,2.3,4,3.1,3.9,4.3,3.5,3.1,3,3.3,3.5,2.6,2.2,2.8,4.3,4.8,3.2,3.5
2019,May,May-19,5.2,3.6,2.8,2.2,2019,May,3.7,3.1,5.4,4.9,3.4,4.1,2.6,3.5,3.4,5.4,3.3,3.6,2.5,2.8,4.1,3.2,2.7,3.1,4.1,4.3,2.6,3.5,3,4.2,3.1,5.4,3.1,3.6,3,3.9,2.6,3.2,5,3.8,3.9,2.3,4,3,3.8,4.3,3.5,2.9,3,3.3,3.4,2.6,2.2,2.7,4.2,4.8,3.3,3.5
2019,Jun,Jun-19,5.3,4,3,2.1,2019,Jun,3.6,2.9,5.4,4.9,3.5,4.1,2.6,3.5,3.5,5.3,3.2,3.5,2.5,2.8,4,3.2,2.7,3.1,4.1,4.4,2.6,3.5,3,4.2,3.1,5.5,3.2,3.6,3,3.9,2.6,3.2,5,3.8,3.8,2.3,4.1,3,3.7,4.4,3.6,2.7,3,3.3,3.4,2.5,2.2,2.6,4.1,4.8,3.3,3.6
2019,Jul,Jul-19,5,3.6,3.1,2.2,2019,Jul,3.6,2.9,5.4,4.9,3.5,4.1,2.6,3.5,3.6,5.2,3.3,3.5,2.5,2.8,3.9,3.2,2.8,3.1,4.1,4.5,2.7,3.5,3,4.1,3.1,5.6,3.2,3.6,3,3.9,2.6,3.3,5,3.8,3.8,2.4,4.2,3.1,3.7,4.4,3.6,2.6,3,3.3,3.5,2.5,2.3,2.6,4.1,4.9,3.4,3.7
2019,Aug,Aug-19,5.4,3.6,3,2.1,2019,Aug,3.7,2.8,5.4,4.8,3.5,4.1,2.6,3.6,3.7,5.2,3.3,3.5,2.4,2.8,3.8,3.2,2.8,3.1,4.1,4.7,2.7,3.5,3,4.1,3.1,5.7,3.3,3.6,3,3.9,2.6,3.4,5,3.8,3.7,2.4,4.2,3.1,3.6,4.5,3.6,2.4,3,3.3,3.5,2.5,2.3,2.6,4.1,4.9,3.4,3.8
2019,Sep,Sep-19,5,3.6,2.9,2,2019,Sep,3.5,2.8,5.3,4.8,3.5,4.1,2.5,3.6,3.8,5.1,3.2,3.4,2.3,2.7,3.7,3.2,2.8,3.1,4.1,4.8,2.7,3.4,3,4,3.1,5.7,3.4,3.6,3,3.8,2.6,3.5,5,3.8,3.7,2.3,4.2,3.1,3.5,4.6,3.6,2.4,3,3.4,3.5,2.4,2.4,2.6,4,5,3.4,3.8
2019,Oct,Oct-19,5.7,3.8,2.9,2.1,2019,Oct,3.6,2.8,5.2,4.7,3.5,4.1,2.5,3.6,3.9,5,3.2,3.3,2.2,2.7,3.6,3.1,2.8,3.1,4.1,4.9,2.7,3.4,2.9,3.9,3.1,5.6,3.4,3.6,2.9,3.7,2.6,3.5,4.9,3.8,3.6,2.3,4.2,3.1,3.4,4.6,3.6,2.4,3,3.4,3.5,2.4,2.5,2.5,3.9,4.9,3.3,3.9
2019,Nov,Nov-19,5.4,3.8,3,2,2019,Nov,3.6,2.7,5,4.7,3.5,4.1,2.5,3.6,4,4.9,3.2,3.3,2.1,2.6,3.5,3.1,2.8,3.1,4.1,4.9,2.7,3.3,2.9,3.8,3.1,5.6,3.5,3.6,2.9,3.7,2.6,3.6,4.9,3.7,3.5,2.3,4.2,3.1,3.3,4.7,3.6,2.4,2.9,3.5,3.5,2.4,2.5,2.5,3.9,4.9,3.3,4
2019,Dec,Dec-19,5.3,3.7,2.8,1.9,2019,Dec,3.6,2.7,5,4.7,3.6,4.2,2.6,3.6,4.1,4.9,3.2,3.3,2.1,2.5,3.5,3.1,2.8,3.1,4.1,5,2.8,3.3,2.9,3.7,3.1,5.5,3.5,3.6,2.9,3.6,2.6,3.6,5,3.7,3.5,2.2,4.3,3,3.3,4.7,3.6,2.5,2.9,3.6,3.5,2.4,2.5,2.5,3.9,4.9,3.3,4.2
2020,Jan,Jan-20,5.7,3.7,2.7,2,2020,Jan,3.5,2.7,5,4.8,3.7,4.2,2.7,3.7,4.3,4.9,3.3,3.3,2,2.6,3.5,3.2,2.8,3.1,4.1,5.1,3,3.4,2.8,3.7,3.2,5.6,3.6,3.7,2.9,3.7,2.6,3.7,5.1,3.8,3.5,2.2,4.5,3.1,3.4,4.8,3.8,2.6,2.9,3.7,3.6,2.4,2.5,2.5,4,5,3.3,4.4
2020,Feb,Feb-20,5.8,3.5,3,1.9,2020,Feb,3.5,2.6,5.1,4.9,3.8,4.3,2.8,3.7,4.5,5,3.3,3.5,2.1,2.6,3.6,3.2,2.9,3.2,4.2,5.2,3.1,3.5,2.8,3.7,3.3,5.8,3.6,3.7,3,3.7,2.6,3.7,5.3,3.9,3.6,2.3,4.7,3.1,3.5,5,4,2.8,2.9,3.9,3.7,2.5,2.5,2.5,4.1,5.1,3.3,4.8
2020,Mar,Mar-20,6.9,4.3,3.7,2.5,2020,Mar,4.4,2.6,5.1,5,3.9,4.5,4.7,3.8,4.8,5.2,4.9,3.6,2.1,2.7,3.7,3.3,2.9,3.2,4.2,5.3,3.1,3.5,2.7,3.7,3.5,6,3.7,3.8,3.1,6.4,2.7,3.8,5.4,3.9,3.9,2.3,4.9,3.2,3.6,5.1,4,3,2.9,4,4.9,2.5,2.6,2.6,5.3,5.3,3.2,5.1
2020,Apr,Apr-20,21,17.3,15,8.4,2020,Apr,14.8,13.2,11.8,14.2,10,16,12.1,8.6,13.4,11.1,14,12.5,21.9,11.6,16.5,16.9,11.1,12.6,16.9,13.1,9.1,9,16.4,23.6,9,15.7,12.5,11.9,7.4,29.5,16,16.6,10,16.2,13.5,8.7,16.4,13,13.2,16.2,17.4,11.5,9.2,15.8,12.9,10.1,14.8,11.3,16.3,15.6,14.8,5.5
2020,May,May-20,19.6,15.3,13.2,7.4,2020,May,13.3,7.9,11.6,10.6,8.5,15.6,11.6,11.4,13.3,8.9,14.2,9.4,21.9,8.3,15.4,12,8.3,9,10.9,13.1,8.3,9,15.3,20.8,11.3,11,9.6,9.1,5.4,24.5,13.4,16.5,10,15.7,13.5,8.7,14.9,9.5,11.7,13.5,12.9,11.5,7,9.6,11.6,7.6,9.3,8.5,12.5,11.9,10.4,8.5
2020,Jun,Jun-20,16.4,12.2,10.9,6.9,2020,Jun,11.1,7.7,11.3,10.7,7.8,14.1,11.3,11.4,12.9,8.9,11.6,8.4,14.1,7,14.2,10.1,7.1,7,5.7,9.4,5.3,8.6,14.8,14.1,8.9,9.6,8.1,7.6,6.6,15.4,10.3,16.3,9.8,15,8.8,6.2,10.3,8.2,10.3,13.3,10.9,7.7,6.1,9.3,10.2,6.3,7.7,8.8,10.8,10.5,8.6,7.4
2020,Jul,Jul-20,15.1,10.8,9.9,6.7,2020,Jul,10.2,7.4,11,10.4,7.1,13.2,7.4,11.3,8.3,8.9,11.5,7.6,14.1,5.9,12,8.6,6.1,6.6,5.6,9.1,8.8,8.7,9.8,9,7.6,8.5,6.8,6.6,4.4,16.6,8.1,13.1,12.5,14.7,8.8,6.2,9.3,7.2,9.6,13,14,7.6,5.4,8.9,9.3,5.4,6.4,7.9,10.8,9.4,7.2,6.8
2020,Aug,Aug-20,12.6,9.8,8,5.3,2020,Aug,8.4,7.1,7.2,7,6.5,12.3,7.1,8.4,7.9,8.8,7.9,7,14.1,4.9,11.1,7.3,5.3,6.2,5.5,8.2,5.2,8.6,9.3,8.5,6.6,7.8,6,5.8,4,14.5,6.6,11,9.3,11.7,6.8,6.1,9,6.3,8.4,10.2,12.6,5.4,4.7,8.1,6.9,4.8,5.4,7,9.1,8.5,6.1,6.2
2020,Sep,Sep-20,10.7,9,8.1,4.7,2020,Sep,7.8,6.7,7,6.9,5.9,10.6,7,8.3,7.6,8.7,7.2,6.5,14.8,6,10.4,6.3,4.7,6.1,5.5,8,4.9,7,8.9,8.2,5.8,7.2,5.4,5.2,3.8,13,5.5,7.8,8.6,10,7.3,4.7,7.4,5.7,7.5,7.1,10.9,5.4,4,7.9,7.9,4.2,4.6,6.6,8,7.9,5.2,5.7
2020,Oct,Oct-20,9.9,8.1,6.6,4.2,2020,Oct,6.9,4.7,6.5,6.8,5.6,9.8,6.9,8.2,5.7,8.8,5.8,5.9,14,4.8,8.1,5.6,4.2,4.7,5.5,7.9,4.8,6.8,8.5,8.1,5.3,6.9,5,4.7,3.6,12,4.7,7.7,8.5,8.7,6.8,4.7,5.6,5.2,7,7,7.3,5.4,3.7,7.8,7.3,3.8,4,6.1,7,7.4,4.8,5.4
2020,Nov,Nov-20,9.2,7.8,6.3,4.2,2020,Nov,6.7,4.7,6.5,6.8,5.3,8.7,6.9,8.2,5.8,8.8,5.4,5.6,10.3,4.3,8.1,5,3.9,4.7,5.6,7.9,4.9,6.8,8.4,8.2,5,6.7,4.7,4.5,3.4,8.7,4.2,10.2,8.5,8.7,6.4,4.7,5.6,4.8,6.6,7.1,7.9,5.6,3.6,5.6,7.2,3.5,3.7,5.8,6.7,7,4.4,5.3
2020,Dec,Dec-20,9.8,7.8,6.3,3.8,2020,Dec,6.7,4.7,6.5,6.8,4.9,9.3,6.9,8.2,5.9,8.8,5.1,5.3,10.3,3.8,8,4.6,3.7,4.7,5.6,7.9,5,6.8,8.4,8.2,4.7,6.6,4.4,4.2,3.4,8.2,3.8,7.7,8.6,8.7,6.1,4.7,5.6,4.5,6.3,7.1,7.9,5.6,3.3,5.6,6.9,3.3,3.5,5.6,6.3,6.7,4,5.2
2021,Jan,Jan-21,9.1,7.1,6.2,4,2021,Jan,6.3,4.3,6.6,6.7,4.6,9,6.6,8.1,6,8.4,4.8,5.1,10.2,3.4,7.7,4.2,3.5,3.5,5.3,7.6,5.2,6.4,7.8,5.7,4.5,6.4,4.3,4,3.2,8.1,3.6,7.9,8.7,8.8,5.9,4.5,5.3,4.3,6.2,7.3,7.2,5.3,3.1,5.1,6.8,3.1,3.2,5.3,6,6.5,3.8,5.1
2021,Feb,Feb-21,10.1,7.2,5.9,3.8,,,,,,,,,,,,,,,,,,,,,,,,,,,,,,,,,,,,,,,,,,,,,,,,,,,,,,
2021,Mar,Mar-21,8.2,6.7,5.9,3.7,,,,,,,,,,,,,,,,,,,,,,,,,,,,,,,,,,,,,,,,,,,,,,,,,,,,,,
2021,Apr,Apr-21,9.3,6.9,5.8,3.5,,,,,,,,,,,,,,,,,,,,,,,,,,,,,,,,,,,,,,,,,,,,,,,,,,,,,,